[{"isin":"US0382221051","name":"Applied Materials","symbol":"AMAT","stocktwits":true},{"isin":"US36165L1089","name":"GDS Holdings","symbol":"GDS","stocktwits":true},{"isin":"US8825081040","name":"Texas Instruments","symbol":"TXN","stocktwits":true},{"isin":"US67066G1040","name":"NVIDIA","symbol":"NVDA","stocktwits":true},{"isin":"US7427181091","name":"Procter & Gamble","symbol":"PG","stocktwits":true},{"isin":"US5949181045","name":"Microsoft","symbol":"MSFT","stocktwits":true},{"isin":"US57636Q1040","name":"Mastercard","symbol":"MA","stocktwits":true},{"isin":"US6092071058","name":"Mondelez","symbol":"MDLZ","stocktwits":true},{"isin":"BE0974293251","name":"Anheuser-Busch","symbol":"BUD","stocktwits":true},{"isin":"US06684L1035","name":"Baozun","symbol":"BZUN","stocktwits":true},{"isin":"DE0007164600","name":"SAP","symbol":"SAP","stocktwits":true},{"isin":"US46625H1005","name":"JPMorgan Chase","symbol":"JPM","stocktwits":true},{"isin":"US64110W1027","name":"NetEase","symbol":"NTES","stocktwits":true},{"isin":"US47215P1066","name":"JD.com","symbol":"JD","stocktwits":true},{"isin":"US02079K1079","name":"Alphabet C","symbol":"GOOG","stocktwits":true},{"isin":"US02079K3059","name":"Alhabet A","symbol":"GOOGL","stocktwits":true},{"isin":"US4592001014","name":"IBM","symbol":"IBM","stocktwits":true},{"isin":"US30303M1027","name":"Facebook","symbol":"FB","stocktwits":true},{"isin":"US5801351017","name":"McDonald's","symbol":"MCD","stocktwits":true},{"isin":"US9497461015","name":"Wells Fargo","symbol":"WFC","stocktwits":true},{"isin":"NL0000388619","name":"Unilever","symbol":"UL","stocktwits":true},{"isin":"DE000BAY0017","name":"Bayer","symbol":"BAYRY","stocktwits":true},{"isin":"NL0000009165","name":"Heineken","symbol":"HEINY","stocktwits":true},{"isin":"DE0007472060","name":"Wirecard","symbol":"WCAGY","stocktwits":true},{"isin":"US00724F1012","name":"Adobe","symbol":"ADBE","stocktwits":true},{"isin":"US01609W1027","name":"Alibaba","symbol":"BABA","stocktwits":true},{"isin":"US0605051046","name":"Bank of America","symbol":"BAC","stocktwits":true},{"isin":"US09247X1019","name":"Blackrock","symbol":"BLK","stocktwits":true},{"isin":"US4781601046","name":"Johnson & Johnson","symbol":"JNJ","stocktwits":true},{"isin":"US0231351067","name":"Amazon","symbol":"AMZN","stocktwits":true},{"isin":"US9078181081","name":"Union Pacific","symbol":"UNP","stocktwits":true},{"isin":"US00287Y1091","name":"AbbVie","symbol":"ABBV","stocktwits":true},{"isin":"US88032Q1094","name":"Tencent","symbol":"TCEHY","stocktwits":true},{"isin":"US9485961018","name":"Weibo","symbol":"WB","stocktwits":true},{"isin":"US7170811035","name":"Pfizer","symbol":"PFE","stocktwits":true},{"isin":"US88579Y1010","name":"3M","symbol":"MMM","stocktwits":true},{"isin":"JP3436100006","name":"Softbank","symbol":"SFTBY","stocktwits":true},{"isin":"US0567521085","name":"Baidu","symbol":"BIDU","stocktwits":true},{"isin":"US0378331005","name":"Apple","symbol":"AAPL","stocktwits":true},{"isin":"US1491231015","name":"Caterpillar","symbol":"CAT","stocktwits":true},{"isin":"US17275R1023","name":"Cisco","symbol":"CSCO","stocktwits":true},{"isin":"US1912161007","name":"Coca-Cola","symbol":"KO","stocktwits":true},{"isin":"US38141G1040","name":"Goldman Sachs","symbol":"GS","stocktwits":true},{"isin":"US4581401001","name":"Intel","symbol":"INTC","stocktwits":true},{"isin":"US6541061031","name":"Nike","symbol":"NKE","stocktwits":true},{"isin":"US9130171096","name":"United Technologies","symbol":"UTX","stocktwits":true},{"isin":"US92826C8394","name":"Visa","symbol":"V","stocktwits":true},{"isin":"US2546871060","name":"Walt Disney","symbol":"DIS","stocktwits":true},{"isin":"US00507V1098","name":"Activision Blizzard","symbol":"ATVI","stocktwits":true},{"isin":"US7475251036","name":"QUALCOMM","symbol":"QCOM","stocktwits":true},{"isin":"US88160R1014","name":"Tesla","symbol":"TSLA","stocktwits":true},{"isin":"DE000BASF111","name":"BASF","symbol":"BAS","stocktwits":false},{"isin":"DE0005785604","name":"Fresenius","symbol":"FRE","stocktwits":false},{"isin":"DE0005419105","name":"CANCOM","symbol":"COK","stocktwits":false},{"isin":"CNE100000296","name":"BYD","symbol":"BYDDF","stocktwits":false},{"isin":"GB0004544929","name":"Imperial Brands","symbol":"IMB","stocktwits":false},{"isin":"DE000A1ML7J1","name":"Vonovia","symbol":"VNA","stocktwits":false},{"isin":"DE0006231004","name":"Infineon Technologies","symbol":"IFX","stocktwits":false}]